<application>
  <component name="FileTypeManager" version="17">
    <extensionMap>
      <mapping ext="jks" type="JSON5" />
      <mapping pattern="1121" type="PLAIN_TEXT" />
      <mapping pattern="驾驶模式常量表" type="PLAIN_TEXT" />
      <mapping pattern="fragment加tablayout加pageviewer生命周期" type="PLAIN_TEXT" />
      <mapping pattern="笔记" type="PLAIN_TEXT" />
      <mapping pattern="text" type="PLAIN_TEXT" />
      <mapping ext="rawproto" type="PLAIN_TEXT" />
      <mapping ext="caffemodel" type="PLAIN_TEXT" />
    </extensionMap>
  </component>
</application>