<application>
  <component name="UpdatesConfigurable">
    <option name="CHECK_NEEDED" value="false" />
    <enabledExternalComponentSources>
      <item value="Android SDK" />
    </enabledExternalComponentSources>
    <option name="externalUpdateChannels">
      <map>
        <entry key="Android SDK" value="Stable Channel" />
      </map>
    </option>
    <ignoredBuildNumbers>
      <item value="extras;google;google_play_services#40" />
      <item value="system-images;android-17;default;armeabi-v7a#5" />
      <item value="system-images;android-18;default;armeabi-v7a#4" />
      <item value="system-images;android-19;default;armeabi-v7a#5" />
      <item value="emulator#27.1.12" />
      <item value="extras;google;google_play_services#48" />
      <item value="extras;google;m2repository#58" />
      <item value="extras;intel;Hardware_Accelerated_Execution_Manager#6.2.1" />
      <item value="tools#26.1.1" />
    </ignoredBuildNumbers>
    <knownExternalComponentSources>
      <item value="Android SDK" />
    </knownExternalComponentSources>
    <option name="LAST_BUILD_CHECKED" value="AI-192.7142.36.36.6392135" />
    <option name="LAST_TIME_CHECKED" value="1587885954049" />
    <option name="THIRD_PARTY_PLUGINS_ALLOWED" value="true" />
  </component>
</application>