<keymap version="1" name="Eclipse copy" parent="Eclipse">
  <action id="Back">
    <mouse-shortcut keystroke="button4" />
    <mouse-shortcut keystroke="control button3" />
  </action>
  <action id="CIDR.Lang.IntroduceConstant" />
  <action id="CodeCompletion">
    <keyboard-shortcut first-keystroke="alt slash" />
  </action>
  <action id="ECTranslation">
    <keyboard-shortcut first-keystroke="back_quote" />
  </action>
  <action id="FileStructurePopup">
    <keyboard-shortcut first-keystroke="ctrl f3" />
  </action>
  <action id="FixDocComment">
    <keyboard-shortcut first-keystroke="ctrl alt slash" />
  </action>
  <action id="Forward">
    <mouse-shortcut keystroke="button5" />
  </action>
  <action id="HippieCompletion" />
  <action id="IntroduceConstant" />
  <action id="NextTab">
    <keyboard-shortcut first-keystroke="alt right" />
  </action>
  <action id="OverrideMethods">
    <keyboard-shortcut first-keystroke="ctrl o" />
  </action>
  <action id="PreviousTab">
    <keyboard-shortcut first-keystroke="alt left" />
  </action>
  <action id="ReformatCode">
    <keyboard-shortcut first-keystroke="shift ctrl f" />
  </action>
  <action id="Run">
    <keyboard-shortcut first-keystroke="f11" />
  </action>
  <action id="ShowColorPicker">
    <keyboard-shortcut first-keystroke="ctrl alt c" />
  </action>
  <action id="SwitchApply">
    <keyboard-shortcut first-keystroke="shift alt enter" />
  </action>
  <action id="SwitchDown">
    <keyboard-shortcut first-keystroke="shift alt down" />
  </action>
  <action id="SwitchLeft">
    <keyboard-shortcut first-keystroke="shift alt left" />
  </action>
  <action id="SwitchRight">
    <keyboard-shortcut first-keystroke="shift alt right" />
  </action>
  <action id="SwitchUp">
    <keyboard-shortcut first-keystroke="shift alt up" />
  </action>
  <action id="UpdateRunningApplication" />
  <action id="android.deploy.ApplyChanges">
    <keyboard-shortcut first-keystroke="ctrl f10" />
  </action>
  <action id="android.deploy.CodeSwap">
    <keyboard-shortcut first-keystroke="ctrl alt f10" />
  </action>
</keymap>